Native Script,Predicted Latin Script
अंक,ank
अंकित,ankit
अंकों,ankon
अंकोर,ankor
अंगारक,angarak
अंग्रज़ी,angraji
अंतः,antah
अंतर्मुख,antrukhum
अंद्राबी,andrabi
अंधा,andha
अंधापन,andhapan
अंधेरी,andheri
अंबानी,anbani
अकरम,akram
अकापुल्को,akapulak
अखंड,akhand
अखिल,akhil
अगवाई,agwae
अगस्टाइन,agastin
अगस्ता,agasta
अग्र,agra
अचंभा,achmah
अचीवमेंट,achivment
अच्छी,achchhi
अच्युत,achyut
अछनेरा,achharaon
अजमीढ़,ajmeedh
अजहर,ajhar
अजित,ajit
अज्ञात,agyat
अटकता,atakta
अटके,atke
अटवाल,atval
अट्टहास,atthas
अड्डों,addon
अथक,athak
अथर्व,atharv
अदद,adad
अदाणी,adani
अद्वैत,advat
अद्वैतवाद,advaavata
अधिवास,adhivas
अधीक,adhik
अध्ययनरत,adhyyantar
अनंत,anant
अनंती,ananti
अनगढ़,angadh
अनचाहे,anchahe
अनथक,anthak
अनहोनी,anhoni
अनावश्यक,anaavshyak
अनिक,anic
अनीश्वरवादी,anidhwavaraadi
अनुकूलता,anukuldaa
अनुचित,anuchit
अनुप्रयोगों,anuprayogon
अनुरीत,anurit
अनूठी,anuthi
अनूदित,anudit
अन्याय,anya
अपनानी,apnani
अपरिवर्तनशील,aparivartsanji
अपरिहार्य,aprihary
अपवर्तित,apvartit
अपारदर्शी,apardarshi
अफरोज,afroj
अफ्रीका,afrika
अब्बासी,abbasi
अभिमत,abhimat
अभिशाप,abhishap
अभी,abhi
अमझेरा,amjhera
अमरगढ़,amragarh
अमरपाल,amarpal
अमरोही,amrohi
अमानत,amaant
अमानती,amaanti
अमावस्या,amaavsya
अमित,amit
अमिताव,amitaav
अमुक,amuk
अमोघ,amogh
अम्बानी,ambani
अयोध्यानाथ,ayodhyanat
अरदास,ardas
अरबाब,arbab
अराउंड,araund
अर्जेंट,orgent
अर्थ,arth
अर्थक्वेक,arthkvik
अर्थों,arthon
अर्पित,arpit
अर्यमा,aryama
अलंकार,alankar
अलंकारों,alankaron
अलगाववादी,alangavadi
अलाइव,alli
अलायंस,alayans
अलिंद,alind
अली,ali
अलोंसो,alonso
अल्फ़ाबेट,alpharet
अल्बा,alba
अवंतिपुर,avantipur
अवरु,avru
अवरोधक,avrodhak
अवर्णता,avarnata
अवशिष्ट,avshisht
अवस्थाएं,avasthayen
अवि,avi
अविका,avika
अविरल,aviral
अविश्वसनीय,avishvasaniy
अवीवा,aviva
अवैज्ञानिक,avaigyani
अशक्तता,ashaktata
अशरफी,asharfi
अशरीरी,ashriri
अश्वत्थ,ashwatth
असमान्य,asamany
असामंजस्य,asamanjasha
असुरक्षित,asurkshit
असेट,aset
अस्वभाविक,aswabhavik
अहिरौली,ahirooli
आइटम,itom
आइटम्स,itom
आइडल,idal
आइसीसी,ics
आइसो,iso
आईपीसी,ipp
आईपैड,ipaid
आईरिस,iris
आउंस,auns
आकाश,aakash
आके,ake
आखेट,akhet
आगत,aagat
आगमन,aagaman
आग़ा,aaga
आगाशे,aagashe
आजमाना,aajmana
आटा,aata
आत्माएं,aatmayen
आदान,aadan
आधारित,adharit
आधीन,aadhin
आधुनिक,aadhunik
आनद,and
आपका,aapka
आपदाएं,apdayen
आबंटित,abantit
आबरू,abru
आमदन,amadan
आमदनी,aamandi
आमदी,aamadi
आमोद,aamod
आयेंगे,ayenge
आयोजक,aayojak
आरओ,aro
आरपी,rapi
आराम,aram
आरुषि,aarushi
आर्टरी,artri
आर्डर,arder
आर्य,ary
आर्यिका,aryika
आर्यो,aryo
आर्यों,aryon
आलसी,alsi
आलोचक,aalochak
आलोचकों,aalochakon
आल्हा,aalha
आवाज़ें,awaajen
आवाज़ों,awaazon
आविष्कार,avishkar
आवृत्ति,avrutit
आवृत्तियों,avrutiyon
आशंका,aashnak
आश्रितों,ashriton
आसान,asan
आस्तिक,astic
आस्तीन,aastin
आह्नान,aahnaan
इंग्लैंड,ingland
इंजिनियर,engineer
इंट्रोडक्शन,introctish
इंश्योरेंस,inshairon
इअर,ear
इआन,eaan
इकट्ठा,ikathaa
इकठ्ठी,ekathi
इकाई,ikai
इकाईयों,ikaiyon
इकोनोमिक,economic
इक्वाडोर,ekvador
इक्विटीज,ictvy
इजाजत,ijaajat
इनहेलेशन,inhelation
इबीजा,ebija
इमेजिंग,emmging
इम्युन,immon
इलाइची,ilaati
इलाज,ilaj
इशाक,ishak
इशारा,ishara
इशिता,isita
इष्ट,isht
इस्तीफे,istip
ईए,ee
ईटर,etar
ईमेल,ime
ईमेलों,imelon
ईवनिंग,ivaning
ईष्ट,isht
ईसाइयों,isaiyon
उखरुल,ukhrol
उछालने,uchalane
उज़्बेक,uzebke
उठने,uthne
उठाकर,uthakar
उठापटक,uthaatpak
उठें,uthen
उड़ान,udan
उड़ाना,udana
उड़ाने,udane
उड़ानें,udanen
उड़ानों,udan
उतने,utne
उत्तरा,uttra
उत्पन,utpan
उदंत,udant
उदघोष,udjesh
उदर,udar
उदा,uda
उदाकिशुनगंज,ukdikushanga
उनतीस,unatis
उनियाल,uniyal
उपद्रवियों,updrivin
उपद्रवी,upadriv
उपद्रवों,upadrvon
उपनेता,upnetaa
उपभोक्ता,upbhaukta
उपलक्ष्य,upalakshya
उपलब्ध,upalbdh
उपलब्धियों,upapardhiyon
उपलब्धी,upalbhdi
उपाख्यानों,upakhyanon
उबंटू,ubantu
उबाल,ubaal
उभारा,ubhara
उमानाथ,umanath
उमेश,umesh
उर्फ,urf
उर्वरकों,urvarkon
उर्वरता,urvarta
उलटे,ulate
उलाहना,ulahana
उलेमा,ulema
उलेमाओं,ulemaon
उसक,usak
उसकी,uski
उसमें,usmen
उसी,usi
उस्तरा,ustra
ऊर्ध्व,urdh
ऊष्मा,ooshma
ऋषिकुल,rishusul
एंजाइम,angeem
एंटोन,anton
एंटोनी,antoni
एंडोमेट्रियल,endometriul
एंड्रियास,andrias
एएलएस,ailli
एएसआई,acy
एकसाथ,eksath
एकाकी,ekaki
एक्सएम,x
एगमोर,engor
एजे,age
एजेंडे,agende
एडीपी,adp
एडेन,aden
एड्डी,addi
एपीजे,apize
एफटीआईआई,tfp
एबट,ebat
एबीवीपी,abfopy
एबोट,abot
एमटीए,mtt
एमटेक,emtec
एमरल्ड,emarled
एमिल,amel
एमी,ami
एयरवे,airve
एरर,arar
एरिका,erica
एरोबिक,arobic
एलटीई,lt
एलर्जिक,alletic
एलिमिनेटर,elimineter
एलियंस,elin
एशियन,asion
एसएफसी,sp
एसके,sc
एसपीएफ,spp
एसोसिएशन,ascosiation
एस्टर,aster
एस्थेटिक,asthtic
एस्फाल्ट,asphalt
एहसास,ehasas
एेसा,aisa
ऐंठ,enth
ऐंठे,enthe
ऐठन,athan
ऐल,al
ऐल्प्स,alp
ऐसे,aise
ऑक्साइड,ax
ऑक्सी,oxy
ऑफर्स,offers
ऑफशोर,ofshor
ऑफिशियल,offiel
ओकलाहोमा,okalahoon
ओक्लाहोमा,oksahon
ओत,ot
ओपेल,opel
ओब्रायन,obrayan
ओरण,oran
ओरियन,orin
ओलावृष्टि,alavrishti
ओवम,ovem
ओशनिक,oshnik
ओसाका,osaka
औचित्य,auchitya
औद्योगिकरण,audhyotsaman
औरंगाबाद,auranavaad
औरोरा,aurara
औलख,aushar
कंकड़,kankad
कंकर,kankar
कंगन,kangan
कंजंक्शन,kanjankshan
कंटेम्पररी,kanteparariv
कंठहार,kanthar
कंपोजर,kanpodar
कंबलों,kambalon
कंसलटेंट,consaltet
कक्कड़,kakkad
कच्चे,kachche
कटरा,katra
कटलरी,katalri
कटासराज,kataarsaj
कठफोड़वे,kathuldur
कठोर,kathor
कणिका,kanika
कत्थई,katthi
कनवेंशन,kanveshan
कनाल,kanaal
कनिंघम,kanigaman
कनिष्ठिका,kanishithk
कन्याएं,kanyan
कन्वेंशन,kanvechan
कन्वोकेशन,kanuvekshan
कप,kap
कपड़ा,kapara
कपड़ो,kasado
कपिंग,kapigan
कपोलकल्पना,kapalkalpan
कबड्डी,cuddi
कब्र,kabre
कब्रें,kabren
कब्रों,kabron
कमज़ोर,kamajor
कमतर,kamtar
कमलजीत,kamaljit
कमाऊ,kamau
कमाते,kamaate
कमेरे,kamere
करंज,karanj
करंजिया,karanjiya
करघे,karghe
करछना,karshna
करना,karna
करपात्री,karapatri
करम,karam
करूर,karoor
कर्नाटका,karnakata
कर्वी,karvi
कलमें,kalmen
कलराज,kalaraj
कलिका,kalika
कल्पनाओं,kalpnaon
कव्वालियों,kavvaliyon
कव्वाली,kavvali
कष्टों,kashton
कसरत,kasarat
कसारा,kasara
कसीदा,kasida
कहने,kahne
कहलाया,kahlaya
कहानियों,kahaniyon
क़िले,kile
कांजी,kanji
कांट,kant
कांति,kanti
काकू,kaku
कागज़,kagaz
काजी,kaji
काजू,kazu
कापड़ी,kapadi
कामराज,kamraz
कामोत्तेजना,kamuttejan
कायलाना,kayalana
कार्की,karki
कार्तिक,kartik
कार्यकर्ताओं,karykrataon
कार्यभार,karybhar
कार्यरत,karyart
कालपी,kalpi
कालिका,kalika
कालीघाट,kalighat
काल्डवेल,kaldver
काव,kaav
काश्त,kasht
कासिम,kasim
कासिमाबाद,kasimabad
किया,kiya
किलियन,kiliyan
किल्लत,killat
किल्ली,killi
किसानी,kisani
किसानों,kisanon
कीड़े,kide
कीनोट,kinot
कीरतपुर,kiratpur
कुंडल,kundel
कुंडलियाँ,kundliyan
कुत्ता,kutta
कुपोषित,kuposhit
कुमाऊ,kumau
कुमावत,kumavat
कुराल,kural
कुर्मी,kurmi
कुर्सियों,kursiyon
कुश,kush
कुषाण,kushan
कुसुमलता,kusumalta
कूट,kut
कृतिका,kritika
केपीओ,capoy
कैंटरबरी,cantbarbir
कैंडिडेट,candidt
कैटरीना,kaitrina
कैटलिन,caitlen
कैडमियम,cadmiyam
कैथोलिक,katholi
कैथोलिकों,kethulikon
कैपेसिटर,capsiter
कैरेट,carret
कैविटी,covity
कैवेलरी,caverle
कॉम्प्लेक्स,commaldonc
कोच्चि,kocchi
कोरिडोर,coridor
कोरोला,korola
कोलन,kolan
कोलिंग,coling
कोलोराडो,kolorado
कौशल,kaushal
कौशलता,kaushalta
कौशाम्बी,kaushambi
क्यूट,couter
क्यूब,cup
क्यूबेक,cupek
क्यूब्स,cupers
क्रांतियों,krantiyon
क्रिक,crick
क्रिकेट,cricte
क्रिकेटर,cricter
क्रिकेटिंग,cricating
क्रियायोग,kriyaayog
क्रिश्चयन,cristion
क्रूगर,crueger
क्रेग,crage
क्रैडल,cradel
क्रोम,chrom
क्लांइट,chalit
क्लाक,klak
क्लासें,clasen
क्लासों,classon
क्ले,cle
क्लेरिस,cleris
क्वांटिको,quantiku
क्वींस,kwins
क्षितिज,shitis
क्षीण,shin
क्षेत्रों,kshetron
खंडा,khanda
खचाखच,khachakhar
खजराना,khalashana
खटकती,khatkatil
खट्टापन,khattpan
खत,khat
खनि,khani
खनिक,khanik
खनिकर्म,khanikram
खपत,khapat
खरिया,khariya
खलनायक,khalnayak
ख़ासकर,khaasakar
ख़ासतौर,khastaur
ख़ैबर,khaibar
खाएं,khayen
खाते,khaate
खाल,khaal
खिंचकर,khinchakar
खिलाना,khilana
खींचकर,khinchakar
खुदा,khuda
खुदाई,khudai
खुरपका,khurapka
खुरासान,khurasan
खुशियां,khushiyan
खेने,khene
खैनी,cheni
खैराती,khirati
खोईखोई,khichiyo
खोया,khiya
गंगरेल,gangrel
गंगाजल,gangal
गंडकी,gandaki
गंध,gandh
गए,gay
गजरा,gajara
गडकर,gadkar
गणपति,ganpati
गतिशील,gatishil
गतिशीलता,gatishilta
गदाधर,gadashar
गम्मत,gammat
गया,gaya
गरीबी,garibi
गर्जना,garjana
गलगंड,galgand
गहमागहमी,gahmaaghami
गांगुली,ganguli
गांठ,ganth
गांठे,ganthe
गांठें,ganthen
गांठों,gaanthon
गाएं,gaen
गाज़ी,gazi
गाजीपुर,gajipur
गायत्री,gaytri
गिड़गिड़ाते,geedogidata
गिनते,ginate
गिरकर,girkar
गिरजाघर,girjaghar
गिरजाघरों,girjagharon
गिरती,girati
गिरीश,girish
गुआन,guan
गुजार,gujar
गुजारता,gujarta
गुजारते,gujaarte
गुजारना,gujarna
गुजारा,gujara
गुजारे,gujare
गुट्टा,gutta
गुठलीदार,gumhdesaar
गुदना,gudna
गुमान,guman
गुलशन,gulshan
गूंगा,gunga
गृहनगर,grihangar
गैलेक्सियों,galecociyon
गोचर,gocher
गोदारा,godara
गोपीचंद,gopichan
गोमके,gomake
गोयल,goyal
गोस्वामी,goswami
गौमुख,gaumukh
गौमूत्र,gaumutra
ग्रंथियां,granthiyan
ग्रंथियों,granthiyon
ग्रीस्ट,grist
ग्रेग,greg
ग्रेनाइट,grenoty
ग्रैंडसन,grancshan
ग्रॉस,gros
घटाटोप,ghatatop
घटाया,ghataya
घनाकार,ghankar
घबराहट,gharabhat
घासी,ghasi
घिसाई,ghisai
घिसी,ghisi
घिसे,ghise
घुमक्कड़ी,ghumakkadi
घुमक्कड़ों,ghukatkason
घुमाण,ghuman
घूंसा,ghunsa
घोंघा,ghongha
घोंटने,ghontane
घोट,ghot
घोड़ी,ghodi
घोस्ट,ghost
चंगुल,changul
चंद,chand
चंदन,chandan
चंदू,chandu
चंदों,chandon
चंद्रबली,chandaralbi
चंद्रमाओं,chandrmaon
चकत्ते,chaktare
चक्कर,chakkar
चक्षु,chakshi
चटगांव,chatalvan
चढ़ने,chashne
चतुर्दिक,chatrishik
चतुष्कोणीय,chatushkoni
चन्ना,channa
चबाते,chabaate
चबूतरे,chbutre
चमकना,chamkana
चरस,charas
चरित,chrit
चर्चा,charcha
चर्चाओं,charchaon
चलेंगे,chalenge
चहुंओर,chahunoor
चांवल,chaamval
चाचाजी,chachaji
चादर,chadar
चादरों,chadaron
चान,chan
चानन,chanan
चापलूसी,chapulli
चायल,chayal
चार,char
चारों,charon
चार्ज,charje
चार्ट,chart
चार्टों,charton
चार्ट्स,charts
चालित,chalit
चिकित्सक,chikitsak
चिकित्सकों,chikitsakon
चिखली,chikhli
चिट्ठी,chitti
चिठ्ठी,chithithi
चिडचिडापन,chishdipand
चिड़चिड़ापन,chischidan
चिढ़ते,chidhate
चित्रकार,chitrkar
चिपकने,chipkane
चिमटी,chimati
चिल्लाने,chillane
ची,chi
चुका,chuka
चुने,chune
चूनर,chunar
चेंज्ड,changed
चेट्टी,chotti
चेन्नई,chenni
चेरो,charo
चेस्ट,chest
चैंपियनशिप,chamsingis
चोर,chore
चोरों,choron
चौक,chauk
चौका,chauka
चौकियां,chaukiyan
चौकी,chakue
चौखटे,chaukhte
चौगुनी,chaujani
चौड़ा,chauday
चौदहवां,chaushavan
चौपाटी,chaupati
चौपाल,chaupal
चौरई,chauri
चौसिंगा,chasinga
छगन,chhanga
छबि,chhib
छल्ला,chhalana
छवियाँ,chhaliya
छवी,chhvi
छह,chhah
छहों,chhin
छाई,chhai
छागला,chhalga
छाजन,chhajan
छाती,chhaati
छापेमार,chhapmar
छींक,chhink
छींके,chhinke
छुडाने,chhudane
छुपकर,chhupkar
छुपता,chhupata
छुरा,chhura
छुरी,chhuri
छुरे,chhure
छूटने,chhutne
छेत्र,chhetra
छेत्री,chhitri
छै,chhi
जगाएगा,jagaiga
जजों,jajon
जड़,jad
जड़ित,jadit
जड़ें,jaden
जतरा,jatra
जताती,jataati
जनगणना,janganana
जनजागरण,janjagaran
जनवरी,janvari
जनहानि,janahani
जमाती,jamaati
जमाया,jamaya
जमुई,jamui
जय,jay
जयदयाल,jaidyal
जयबाण,javaana
जयललिता,jaillita
जरख,jarkh
जर्दा,jarda
जलगति,jalgati
जलते,jalate
जलभराव,jalbhavav
जलवायु,jalvayu
जलेसर,jaleshar
जसमीत,jasmit
जस्सी,jassi
ज़माना,jamana
ज़लज़ले,jaljale
ज़ी,zi
ज़ुबान,jauban
जाँच,janch
जागृति,jagruti
जाजमऊ,jaajmu
जात,jaat
जातक,jaatak
जातकों,jaatkon
जातियों,jaatiyon
जानकारों,jaankaron
जानम,janam
जायके,jayake
जावर,javar
जिंग,jing
जिन,jin
जिनी,jini
जिनीवा,jiniva
जिप्सी,gipsi
जिम्मे,jimme
जिया,jiya
जीआईसी,gic
जीआर,jeer
जीएम,jm
जीएसएम,gc
जीतोड़,jitod
जीन,jeen
जीनों,jinon
जीपनी,jipni
जीयो,jiyo
जीरा,geera
जीवंत,jivanat
जीवन,jeevan
जीवनशैली,jevishanjili
जीवनियां,jivaniyan
जीवराज,jeevaraj
जुए,juye
जुटी,juti
जुड़ाई,judai
जुदाई,judi
जुनून,junun
जुनूनी,jununi
जुबेर,juber
जुराब,juraab
जुलाहों,julahon
जुल्मों,julmon
जूड,jud
जूनागढ,junagar
जूनियर,juniyar
जूलूस,julus
जेठा,jetha
जेनर,jenar
जेनरिक,jenarik
जेनरेट,jenret
जेनी,jeni
जेम्स,james
जेरेमी,geremi
जेरोम,jerom
जैक्स,jacs
जैन,jain
जैने,jaine
जैनों,jainon
जैरी,jairi
जैस्पर,jaisper
जॉगिंग,joging
जॉनसन,jonsan
जॉब्स,jaus
जोकि,joki
जोखिम,jokhim
जोड़ता,jodta
जोड़ियों,jodiyon
जोड़ो,jodo
जौं,jaun
ज्ञातव्य,gyatvi
ज्ञापित,gyapit
ज्योतिबा,jyotiba
ज्वाइंट,jwinet
ज्वार,jwar
ज्वारों,jwaron
ज्वेलर्स,jewelers
झ,jhaa
झलकती,jhalakti
झल्ला,jhalla
झांकना,jhaankana
झील,jheel
झीलों,jheelon
झुठला,jhurjha
झुठलाने,jhubhalane
टंकार,tankaar
टकरा,takra
टकरावों,takravon
टपकती,tapakti
टाइम,tim
टाइमर,timer
टाऊ,tauu
टापुओं,tapuon
टायर्ड,tyard
टार्च,tarch
टिक,tik
टिप,tip
टिप्पणीकार,tippanikar
टिवोली,tivoli
टीकमगढ़,tikamgadh
टीकों,teekon
टु,tu
टेंशन,tenshan
टेनिस,tenis
टेस्ट,test
टेस्टिंग,testing
टैनिन,tainin
टैनिस,tanis
टैबू,tabu
टॉनिक,tonic
टोंगा,tonga
टोका,toka
ट्यूजडे,tuisged
ट्यूनिंग,tyuning
ट्यूबरक्यूलोसिस,quatrakirine
ट्रक,trak
ट्रांजिस्टर,transhister
ट्रान्सफर,transwesfer
ट्रिब्युनल,tribunis
ट्रिब्यूनल,tribunis
ट्रुथ,truth
ट्रेडेड,traded
ट्रेबल,trebal
ट्रैप,trap
ट्रॉट,trot
ठक्कर,thakkar
ठहरने,thahrane
ठिकाने,thikane
ठुमरी,thumari
ठेंगा,thenga
डगलस,dagal
डभरा,dabhar
डभोई,dabhooi
डम,dam
डराते,daraate
डरावनी,daravani
डाउन,doun
डाक,dak
डाका,daka
डाबी,dabi
डाबोलिम,dabolim
डायनासोर,dyanasor
डायरीज,diris
डिट,dit
डिप्थीरिया,diptrie
डीई,de
डीलरशिप,deelerfes
डीवीसी,dby
डुबाना,dubana
डुबोना,dubona
डुलने,dulne
डूंगरपुर,dungarpur
डूबना,dubana
डेंजरस,denjaras
डेजी,degi
डेप्युटी,deputi
डेविडसन,devidion
डेवी,devi
डेस्टिनेशन,destinestion
डैटसन,daitsan
डैडी,daidi
डॉर्क,dorc
डोज,doz
डोमेनिक,domenic
डोरंडा,doranda
डोलने,dolane
ड्युअल,duil
ड्यूक,dyuk
ड्रामे,drame
ड्रेजर,drager
ढकाल,dhakaal
ढले,dhale
ढूंढ,dhundh
ढूंढता,dhundhta
ढूंढी,dhundi
तंजावुर,tanjavur
तंत्र,tantr
तंत्रिकाओं,tamtrikan
तंत्रों,tantron
तगड़े,tagare
तड़ीपार,tadipar
तनी,tani
तपन,tapan
तरफा,tarwa
तरबगंज,tarbagjan
तरस,taras
तराश,tarash
तराशे,tarashe
तरीको,tariko
तर्क,tark
तर्कवाद,tarkwad
तर्कों,tercon
तलबगार,talbagar
तलवे,talve
तलवों,talvon
तहखाना,tahakhala
तांता,taanta
तांबे,taambe
ताजा,taaza
तानसेन,tansen
तापमानों,tapamaanon
ताप्ती,tapti
ताराबाई,tarabi
तासीर,tasir
ताहि,tahi
तिकोने,tikone
तिरूपति,tirupati
तिवारी,tiwari
ती,ti
तीर,teer
तीरों,teeron
तीर्थाटन,tirthatan
तुंगनाथ,tunganath
तुगलक,tugalak
तुगलकाबाद,tuglakabad
तुगलकी,tugalaki
तुफैल,tufil
तेजाजी,teejaazi
तेजी,teji
तेल,tel
तेलों,tellon
तो,to
तौल,taul
त्यौहार,tyuhar
त्यौहारों,tyauharan
त्रिजटा,trijata
त्रिया,triya
त्रैमासिक,tramaasiki
त्से,tse
थकी,thaki
थर्टी,tharti
थाणे,thaane
थानवी,thaanvi
थिएटरों,theetaron
थिएटर्स,thires
थियेटर,thirater
थियेटरों,thiretaron
थियेटर्स,thiratser
थिरके,thirke
थीफ,theef
थेन,then
थेनी,thenee
थैली,thali
थैले,thale
दंग,dang
दंगा,danga
दंगों,dangon
दंपति,danpati
दंपतियों,danpatiyon
ददरेवा,dadreva
दमोह,damoh
दरदरा,dardara
दरमियान,darmiyan
दर्जनों,darjanon
दर्प,darp
दर्रा,darra
दलबदल,dalbarj
दली,dali
दस्ताना,dastaana
दस्तावेज,dastavej
दहन,dahana
दहल,dahal
दा,daa
दाखिल,dakhil
दाखिले,daakhile
दाता,daata
दादरी,dardi
दानशील,dansheel
दाभोलकर,davbharsav
दामले,damle
दायित्व,dayitva
दायित्वों,dayitvon
दारूल,darul
दाव,daav
दाह,dah
दिखला,dikhla
दिखाइये,dikhaiye
दिखाई,dikhai
दिखाईं,dikhayeen
दिखायी,dikhayi
दिखार्इ,dikhari
दिता,ditaa
दिनांक,dinanak
दिरहम,dirham
दिलाये,dilaye
दिवानी,diwani
दिव्य,divya
दिव्यता,divyata
दिव्या,divya
दीपन,deepan
दीपसिंह,dipasingh
दीपिका,depika
दीया,diya
दुकानों,dukanon
दुक्के,dukke
दुखन,dukhan
दुखित,dukhit
दुखियों,dukhiyon
दुखों,dukhon
दुभाषियों,dubhashiyon
दुर्गुण,durgun
दुर्घटना,durghtan
दुर्नीति,durniti
दुर्भिक्ष,durbhiksh
दुविधाएं,duvidayan
दूने,dune
दूरदर्शन,durdershan
दृढ़,dridh
देखोगे,dekhoje
देनेवाली,denewali
देवनार,devanaar
देवापुर,devapur
देवी,devi
देवीसिंह,devisin
देशकाल,deshkaal
देशके,deshke
देसाई,desaai
दोगे,doge
द्वादश,dwadsh
द्विवेदी,dwivedi
धंधे,dhandhe
धंधों,dhandhon
धकेलते,dhakelate
धटना,dhatna
धनकुबेर,dhankaber
धनधान्य,dhanshany
धमकाता,dhamkata
धम्म,dhamma
धम्मा,dhamma
धर्मनाथ,dharmnadh
धर्मराज,dharmalaj
धर्मेश,dharmesh
धस्माना,dhasmana
धाक,dhak
धागा,dhaga
धातुएं,dhaati
धारक,dhaark
धारी,dhaari
धुआं,dhuan
धुनाई,dhunai
धुरिया,dhuriya
धूनी,dhuni
धैर्यवान,dhairvyan
धोखेबाज,dhokhebaaj
धोना,dhona
धोराजी,dhoraji
धोरों,dhoron
ध्येयवादी,dhyevadi
ध्रुपद,dhrupad
नंदनवन,nandavanan
नक्सल,naksal
नक्सलवाद,naksalwad
नक्सलियों,naksaliyon
नक्सली,naksali
नगाड़ा,nagaadaa
नगीने,nagine
नजरंदाज,najaranjaaj
नजराने,najarane
नजरियों,najriyon
नजरों,najaron
नजीब,najeeb
नजीबाबाद,najibaabad
नजीम,najim
नना,nana
नन्हें,nanhen
नब्ज़,nabz
नमकीन,namkin
नरनारी,narnari
नरभक्षी,narbhakshi
नरम,narm
नरमी,narmi
नरसंहार,narsanhaar
नरसंहारों,narsanharanon
नवंबर,navmarba
नवकेतन,navketan
नवजागरण,navjagaran
नवधा,navdha
नववधू,navavdhu
नवा,nava
नवाते,navate
नवानगर,navangar
नव्या,navya
नसीम,nasim
नाइट्रस,nitras
नाइनटीज,niting
नाऊ,nauu
नाकाम,nakam
नागारिक,nagarik
नागिन,nagin
नाडेप,nadep
नानक,nanak
नानावती,nanavati
नापने,napne
नापा,napa
नाम,nam
नामधारी,namdhari
नामांकनों,namaakananhon
नामावलियों,namavaliyan
नामो,namo
नायक,nayak
नाराजी,naraji
नारायणगढ़,naryangadh
नासर,nasar
नाहरगढ,naharjadh
निकलेगी,nikalegi
निकालनी,nikalani
निकी,niki
निकेतन,nikaten
निखर,nikhar
निखरी,nikhri
निगर,nigar
निचला,nichala
नितियों,nitiyon
नित्या,nitya
निधान,nidhan
निपटारा,niptara
नियंता,niyanta
निया,niya
निर्देशिका,nirdeshika
निर्धारित,nirdharit
निर्बाध,nirbad
निवेशकर्ता,nivekhastra
निश्चल,nishchal
निष्णात,nishnata
निष्पाप,nishpapa
निहलानी,nihalanaa
निहालचंद,nihaajshan
नीचाई,neechai
नीट,nit
नीतियों,neetiyon
नीलगाय,neelagay
नीलाभ,neelabh
नुस्खे,nuskhe
नून,noon
नूबिया,nubiya
नृत्यशैली,nritishali
नृत्यों,nrutiyon
नेको,nako
नेक्टर,nector
नेग,neg
नेटवर्किग,netvorkig
नेटो,neto
नेता,netaa
नेमो,nemo
नेल्सन,nelson
नेशंस,neshans
नेहरा,nehra
नैनो,nano
नैवेद्य,navedhy
नॉमिनेट,nominate
नोकरी,nokri
नोट्स,nots
नोरा,nora
नोरी,nori
नौनेर,nauner
नौवहन,nauvahan
नौशाद,naushad
पंचांग,panchaagan
पंजाब,panjaab
पंजाबियों,panjaabiyon
पंटर,pantar
पकाएं,pakayen
पकौड़े,pakude
पक्षपात,pakshpaat
पगबाधा,pagabhadh
पगला,pagla
पचाता,pachata
पटककर,patkakar
पटकथाएं,patakhaanan
पटकी,patki
पटरानी,patrani
पटवारी,patwari
पटाक्षेप,patakshee
पटिया,patiya
पडरौना,padaruna
पड़ेगा,padiga
पढ़ा,padha
पढ़ाता,padhata
पतीली,patili
पदमावती,padamavati
पदाधिकारी,padaadhikari
पनपना,panpana
पनामा,panama
पनीर,panir
पम्मी,pammi
परदेसियों,pardesiyon
परदेसी,pardesi
परवा,parva
पराधीन,paraadhin
परिकल्पित,parishapung
परिमल,parimal
परिषद,parishad
परिषदीय,parishdiy
परिषदों,parishadon
परीक्षाएं,parikshane
परोसने,parosane
पर्दा,parda
पर्पल,parpal
पलटने,palatne
पलारी,palari
पले,pale
पल्मोनरी,palmonarin
पल्स,puls
पश्तून,pashtun
पहन,pahan
पहनता,pahnata
पहनते,pahnate
पहनाकर,pahnakar
पहनाती,pahnati
पहनी,pahni
पहनो,pahno
पहला,pahla
पहेलियां,pahaliyan
पहेलियों,pahaliyon
पाइड,pide
पाइथागोरस,pithagores
पाखंडी,pakhandi
पाठशालाएं,pathshalane
पाठ्यक्रम,patyakram
पाठ्यक्रमों,paatyakramon
पापुलेशन,papuleshan
पायलट,pialt
पायलटों,pailaton
पारंपरिकता,paaramparichata
पार्नेल,parnel
पार्लरों,parloron
पार्षद,parshad
पार्षदों,parshadon
पालिसी,palisi
पिंटा,pinta
पिएगा,piaga
पिक,pika
पिकी,piki
पिक्चर,pickhar
पिगमेंटेशन,pilamatenchalon
पिग्स,pigl
पिछड़े,pichhede
पिज्जा,pijja
पितामह,pitamah
पिपरा,pipara
पिपली,pipli
पियरसन,piyarsan
पियरी,piari
पिसाई,pisai
पिहानी,pihani
पीआईबी,piaby
पीआर,pira
पीएमएल,pm
पीएमओ,pm
पीएमसीएच,pmc
पीएसवी,ps
पीकिंग,peching
पीटने,pitne
पीडिया,pediya
पीलेपन,peeletan
पीवी,peevi
पीसा,pisa
पुतला,putra
पुतलियां,putaliyan
पुतलियों,putaliyon
पुतली,putali
पुतले,putle
पुतिन,putin
पुतुल,putul
पुनर्गठन,punargathan
पुना,puna
पुराने,purane
पुरू,puru
पुर्जों,purjon
पुलम,pulam
पुश्किन,pushkin
पुष्करणा,pushkrana
पुष्प,pushp
पुष्पा,pushapa
पुष्पित,pushpit
पुष्पों,pushpon
पूंजीकरण,punjikaran
पूजापाठ,pujaapaath
पूरनपुर,puranpura
पूर्वाभास,purvabash
पेंडुलम,pendulam
पेग,peg
पेजेज,pejage
पेस,pes
पेस्ट्री,pestree
पैंगोलिन,pangolin
पैकर्ड,packrd
पैकेज,packeg
पैकेजों,packegon
पैम,paim
पैराट्रूपर,paratrupor
पैरानॉर्मल,paranormaran
पैराफिन,pairafin
पैराबोला,pairabola
पॉलिमर,polimer
पॉलिशिंग,polsing
पोकर,pokar
पोलिश,polish
पोषित,poshit
पोस्ता,posta
पौ,pau
प्यादे,pyade
प्रक्रिया,prakriya
प्रक्षेपक,prakshik
प्रतिज्ञा,pratigya
प्रतिभूतियां,pratibhootin
प्रतियों,pratiyon
प्रतिवाद,prativad
प्रतिवादी,prativadi
प्रतिशत,pratisht
प्रनीत,pranit
प्रपात,prapat
प्रपातों,prapaton
प्रबोधिनी,prabodhini
प्रयासरत,prayasarat
प्रर्दशन,prardeshan
प्रवत्ति,pravatti
प्रशासनिक,prashaskin
प्रशासनों,prashashanon
प्रशिक्षु,prashikshu
प्रस्तावों,prastavan
प्रहलाद,prahlad
प्रहसन,prashan
प्रहारक,praharak
प्रह्लाद,prahlad
प्राइवेसी,prives
प्राक्कथन,praakshtan
प्राण,pran
प्राणों,pranon
प्राथमिक,prathmik
प्राथमिकता,prathmikata
प्राथमिकी,prathmiki
प्राध्यापकों,pradhikan
प्राप्त,prapt
प्राप्ती,prapti
प्रारूप,prarup
प्रियामणि,priyamani
प्रूफ,prof
प्रेक्षकों,prekshakon
प्रेम,prem
प्रेमलता,premalata
प्रेमा,prema
प्रेमी,premi
प्रॉफिट,profit
प्रॉसेसिंग,procesing
प्रोग्रामर्स,prograr
प्रोटो,proto
प्रोपेलेंट,propelent
प्रौढ,praudh
प्लेन,plen
फंड,phand
फंडा,fanda
फंडिंग,fanding
फंदों,fandon
फगुआ,faulaa
फटने,phatne
फड़फड़ाता,fadfadra
फतेहगढ़,phatehgarh
फब्ती,fabti
फरसे,farse
फरहीन,farheen
फर्थ,farth
फर्मिऑन,formino
फर्रुखाबाद,faroshukad
फर्रूखनगर,furchorgan
फलता,falata
फलने,phalane
फलितार्थ,falitarth
फलीभूत,phalbhit
फव्वारा,favvara
फव्वारे,fawalare
फव्वारों,favvaron
फ़ैसला,faisla
फ़ॉलो,folo
फांसी,fansi
फातमा,faatma
फाफ,faf
फारसी,farsi
फार्म,farm
फार्मिक,formic
फार्मूले,farmulo
फार्मेसी,formesi
फार्मों,farmon
फार्म्स,farms
फिंगर,finger
फिक्र,fikra
फिजिशियन,phijishiyan
फिरती,firati
फिसला,fisla
फीडर,feeder
फुलाए,fulae
फूर्ति,foorti
फूस,phus
फेका,feka
फेफड़ा,phefara
फेशियल,feshila
फैक्ट,fact
फैडरल,fairbal
फैलकर,failkar
फैलाइए,failayi
फैलेगी,failgi
फॉन्ट,font
फोगाट,fogat
फोड़,phod
फोड़ा,foda
फोड़े,pode
फोड़ों,phodon
फोर्टिस,phortis
फ्यूजन,fuinj
फ्यूजी,fioli
फ्रांसिस्का,fransistic
फ्रांसिस्को,francistic
फ्रिंज,frinj
फ्रेंडशिप,frandishp
फ्रॉस्ट,frost
फ्लिन,fling
फ्लेश,flesh
बंग,bang
बंगबंधु,banvbandh
बंगभंग,bangafan
बंगश,bangash
बंटने,bantane
बंधती,bandhti
बंधान,bandhan
बंधुओं,bandhuon
बंबा,banba
बकायों,bakayon
बकौल,bakaul
बक्सा,baksa
बक्सी,baksi
बक्से,bakse
बख्शने,bakshane
बगड़,bagad
बगीची,bagichi
बचत,bachat
बचती,bachti
बजना,bajana
बजरंगी,bajrangi
बजाज,bajaj
बटालवी,batalvi
बढ़ाचढ़ाकर,badhashkar
बढ़ाता,badhaata
बढ़ाती,badhaati
बढ़ायी,badhayi
बढ़ाव,badhav
बढ़ोतरी,badhotri
बतलाए,batlae
बतलाकर,batalakar
बदलापुर,badalapur
बदली,badli
बदाम,badam
बनवा,banva
बनाम,banam
बनिया,baniya
बनू,banu
बरपाया,barpaya
बरसा,barsa
बरसाता,barsata
बरहद,barhad
बरात,barat
बरामद,baramad
बरामदे,baramde
बरे,bare
बर्थ,barth
बलजीत,baljeet
बल्लभ,ballbh
बल्ला,balla
बल्ली,balli
बसावा,basava
बस्तियों,bastiyon
बहरूपिया,bahroopiya
बहामास,bahamas
बहाव,bahav
बहावलपुर,bahavalpur
बहुचरा,bahuchar
बांठिया,banthiya
बांधते,bandhate
बांबी,baambi
बाउंसरों,bounseron
बाउलिंग,bouling
बाकू,baku
बाग,bag
बागबानी,bagbani
बागली,baagali
बागियों,bagiyon
बागो,bago
बाज़ी,baaji
बाजारू,bajaru
बाजुओं,bazu
बाध,badh
बाधा,badha
बाधाओं,badhaon
बाधित,badhit
बानी,baani
बापा,bapa
बाबत,babat
बायर्न,biren
बारह,barh
बारहमासी,barhamasi
बारहसिंगा,bareshigan
बाला,bala
बाल्टी,balti
बाल्डविन,baldvin
बावजी,bavji
बावरा,bavra
बाहुल्य,bahuli
बाॅक्स,bosks
बिखेरती,bikherti
बिगेस्ट,bigest
बिछुआ,bichhua
बिजी,biji
बिपिन,bipin
बिलाई,bilayi
बिल्ला,billa
बिल्हौर,bilhor
बिस्वा,bisva
बीएजी,be
बीकानेर,bikaner
बीकानेरी,bikaneri
बीके,bike
बीजक,bijak
बीफ,bif
बीम,beem
बीमों,bimon
बीरगंज,birganj
बीसवां,biswan
बीस्ट,best
बुडविग,budvig
बुल,bul
बुलाओ,bulao
बुले,bule
बुलेटिन,buletin
बृजेश,brijesh
बेंवर,benwar
बेऔलाद,bailada
बेकाबू,bekabu
बेचकर,bechkar
बेचते,bechate
बेड़ियां,bediyan
बेथनल,bethalan
बेनिस,benis
बेलचा,belsha
बेलिंडा,belinda
बेवकूफाना,bevkufuna
बेसहारा,beshara
बेसिन,besine
बेसिल,besil
बैंडेज,bandes
बैठते,baithate
बैतूल,batul
बैनी,baini
बैरकपुर,barekpurva
बैला,baila
बैलिस्टिक,balistic
बैल्स,bails
बॉस्टन,boston
बोकारो,bokaro
बोदरा,bodara
बोना,bona
बोरकर,borkar
बोरीवली,borivali
बोर्न,born
बोलने,bolane
बोलिए,boliye
बोसान,bosan
बौनी,bauni
ब्यावर,byavar
ब्रजेश,brajesh
ब्रह्मलीन,brahmanil
ब्रावो,bravo
ब्रिगटन,brigatan
ब्रिगेडियर,brigdedire
ब्रिटेन,briten
ब्रीद,brid
ब्रोक,brock
ब्रोकन,brocun
ब्लॉसम,bloshum
भगाने,bhagane
भड़काया,bhadakya
भभूत,bhabhut
भय,bhay
भयो,bhay
भरतनाट्यम्,bharantaamyaan
भरते,bharte
भरनी,bharani
भरने,bharne
भरा,bhara
भविष्य,bhavishy
भाते,bhaate
भानू,bhanu
भाबर,bhaarb
भारीय,bhariy
भावनाओं,bhavnaon
भास्कर,bhaskar
भीड़,bheed
भीरा,bheera
भीष्म,bhishma
भुगत,bhugat
भुगता,bhugata
भुट्टो,bhutto
भुमि,bhumi
भुरभुरा,bhurbhura
भूख,bhukh
भूखी,bhukhi
भूगोल,bhoogal
भूतल,bhurag
भूपसिंह,bhupsin
भूमी,bhumi
भूलता,bhulata
भूला,bhula
भूली,bhuli
भूलो,bhulo
भूलों,bhulon
भूसी,bhosi
भूस्वामी,bhuswami
भेंगापन,bhengapan
भैरवनाथ,bhairwanadh
भैरो,bharo
भोगते,bhogate
भोला,bhola
भोली,bholi
भोलू,bholoo
भौंहों,bhaunhon
भ्रांत,bhrant
भ्रांति,bhranti
भ्रांतियां,bhrantiyan
भ्रांतियों,bhrantiyon
मंगेश,mangesh
मंच,manch
मंचित,manchit
मंचीय,manchiy
मंचों,manchon
मंजिल,manjil
मंजिला,manjila
मंजिलें,manjilen
मंटो,manton
मंत्रियों,mantriyon
मकरानी,makrani
मक्सद,maksad
मखदुमपुर,makhagupar
मचाए,machaye
मचानों,machanon
मढ़ौरा,madhaura
मणिपाल,manipal
मतपत्रों,matpatron
मत्थे,matthe
मत्स्यावतार,matsyavatra
मत्स्येंद्रनाथ,matasiyan
मधुपुर,madhupur
मनमर्जी,manmarji
मनाए,manae
मम,mam
मयोर्का,maroska
मरदानी,mardani
मरमर,marmar
मराठा,marahta
मराठी,marathi
मर्जी,marji
मर्दानगी,mardangi
मर्दों,mardon
मर्यादा,maryada
मर्यादाओं,maryadaon
मलागा,malaga
मलार,malar
मशरक,mashkar
मसालेदार,masaledar
मसूर,masur
मस्से,masse
महकने,mahkane
महलों,mahalon
महाग्रंथ,mhaagranth
महाजन,mahajan
महाथिर,mahathir
महानतम,mahanatam
महानिदेशक,mahanidesh
महापौरों,mhaapuron
महाप्राण,mhapran
महामंत्र,mhamantra
महाराजा,maharaja
महाविज्ञान,mahavigyan
महाविद्या,mahavidya
महाविष्णु,mahavishnu
महासिंह,mahasihan
महिपाल,mahipal
महीन,mahina
महीनों,mahinon
मांग,mang
मांगनी,mangani
मांगा,manga
मांगी,mangi
मांगे,mange
मांगो,mango
माओरी,maori
माजिन,mazin
माथे,mathe
माप,map
मामूली,mamuli
मामे,maame
मारवाड़,marvad
मारिया,mariya
मारियो,mariyo
मार्था,martha
मालिश,malish
मावे,maave
मास,mas
मासों,mason
मिटाओ,mitao
मिठाई,mithai
मिडिया,midiya
मिथिला,mithila
मिथिलांचल,mithilan
मिथ्या,mithya
मिमिक्री,mimikri
मिल्कियत,milciut
मिशा,misha
मुंगेरी,munjeri
मुंडवा,mundava
मुंशीगंज,munsiganj
मुकरते,mukarte
मुखोपाध्याय,mukhopadhyay
मुख्यमंत्री,mukhyamantriy
मुनाफ,munaaf
मुनाफा,munaabay
मुन्नू,munnu
मुफलिसी,muflies
मुबारकपुर,mubharapur
मुर्झा,murjha
मुल्ताई,multae
मुशाहिद,mushahid
मुहावरे,muhavere
मूठ,muth
मूड,mood
मूडी,mudi
मूल,mool
मूलचंद,moojshanad
मूलर,mooler
मूलों,mulon
मेक्सिको,mexico
मेगा,mega
मेगापिक्सल,megauticlas
मेजबान,majban
मेजबानी,mejbani
मेज़बान,mejban
मेज़बानी,mejbana
मेट,met
मेट्स,mets
मेडीकल,medical
मेथेनॉल,methenol
मेनू,menoo
मेम,mem
मेलघाट,melghat
मेलानिन,melanin
मेलानी,melani
मेहमान,mehmaan
मेहराम,meharam
मैकबुक,makbuk
मैट्रिक्स,matricc
मैड,med
मैडी,maidi
मैन,main
मैनन,mainan
मैनर,mainar
मैना,maina
मैने,mane
मैरेज,marage
मैसाचुसेट्स,maischsode
मैसोर,masor
मॉड,mod
मॉडर्न,modern
मॉड्यूल,modilo
मॉड्यूल्स,modiol
मॉरिशस,maurish
मोगली,mogali
मोटिव,motiv
मोल,mol
मोल्ड,mold
मोशे,moshe
मोसाद,mosad
मोहाना,mohana
मोहानी,mohani
मोहिनी,mohini
मोहिम,mohim
मौकों,mauken
मौमा,mauma
मौर्या,maurya
मौर्यों,mauryon
मौलवियों,maulaviyon
मौले,maule
मौसा,mausa
यत्न,yatan
यदा,yada
यदुवंश,yaduvansh
यरूशलेम,yarushale
यशपाल,yashpal
यातना,yatna
यातनाओं,yatnaon
यात्राएं,yatran
यारियां,yariyan
यारी,yari
युग्म,yugam
युद्धरत,yudharat
यूक्रेनियन,oukrenion
येरुशलम,ireshulam
यॉर्कर,yorcor
योजनाएं,yojanaen
रंगते,rangate
रंजकता,ranjkata
रईस,rais
रक्ताभ,raktabh
रखना,rakhna
रघुपति,raghupti
रघुराम,raghuram
रजिस्टर्ड,regicters
रतनपुर,rantpur
रनर्स,ranars
रयान,rayan
रल्हन,ralhan
रविश,ravish
रवैल,raveel
रसद,rasad
रसायनिक,rasayanik
रसायनों,rasayanon
रहमत,rahmat
रहेंगे,rahigane
रहेगी,rahegi
राउंडर,rounder
राक,rak
राखे,rakhe
रागों,ragon
राघवन,raghvan
राज,raj
राजकोट,rajkot
राजतंत्र,rajtantra
राजनीतीकरण,rajnitikaran
राजमां,rajman
राजस्व,rajsv
राजी,raji
राजीनामा,rajinama
राजों,rajon
राणा,rana
रात्रिचर,raatrishar
राधे,radhe
रानापुर,ranapura
राबिन,raabin
राभा,raabha
रामकोट,ramkot
रामटेक,ramatek
रामपुर,rampur
रामभरोसे,rambharuse
रामराज,ramaraj
रालोद,ralod
रावले,ravle
रासायनिक,rasayanik
रिक्रिएशन,recurision
रिग,rig
रिग्स,rigs
रिचुअल,richul
रिडक्शन,ridakshon
रिपन,ripan
रिया,riya
रिश्ते,rishte
रिसने,risane
रिहाना,rihana
रीगल,rigal
रीजनल,rijalan
रीट्वीट,ritvit
रीता,rita
रुकते,rukate
रुग्ण,rugn
रुग्णता,ruganta
रुजवेल्ट,rujwelt
रुडोल्फ,rudolf
रुपेश,rupesh
रुबी,rubi
रुमानी,rumani
रूकावटों,rukavaton
रूट,root
रूटिंग,ruting
रूट्स,roots
रूपक,rupak
रूपी,ropi
रेंटल,rental
रेगिस्तान,registan
रेगिस्तानी,registani
रेजा,reja
रेट,ret
रेत,ret
रेफेली,reffly
रेशे,reshe
रेस,res
रेसर,resar
रेसिंग,resing
रेसों,reson
रेहाना,rehana
रैकेटियर,racketry
रैडिकल,redical
रैथ,raith
रैपिंग,raping
रॉबर्टसन,robertish
रॉबिंसन,robinson
रॉयल्स,royles
रोजलिन,rojilin
रोटेशन,rotichan
रोड्रिगो,rodrieg
रोनाल्डो,ronaldo
रोनित,ronit
रोनी,roni
रोपने,ropane
रोबिन,robin
रोया,roya
रोलर्स,rolers
रोवन,rovan
रोसारियो,rosariyo
रौबदार,raubadar
लंगड़ा,langara
लंगर,langar
लंगरों,langaron
लंबी,lambi
लकीर,lakeer
लकीरों,lakiron
लक्मे,lamkein
लक्ष्मीधर,laxhmith
लक्ष्य,lakshya
लक्ष्यों,lachsiyon
लक्स,laks
लक्सर,lakser
लख्खी,lakhkhi
लगना,lagna
लगनेवाले,laganvela
लगेगा,lagega
लज्जालु,lajjalu
लटकाते,latkaate
लड़की,ladki
लड़ते,ladte
लड़ाई,ladai
लड़ाईयों,ladaiyon
लपेटने,lapetane
लबादा,labada
लब्ध,labdh
ललक,lalak
ललकारता,lalkarta
लल्ला,lalla
लवासा,lavasa
लस्सी,lassi
लहना,lehna
लहराई,lahrai
लहलहाती,lahlahati
लहसुन,lehsun
लांचर,lanchar
लाइकोपिन,licopine
लाइम,lim
लाइव्स,lives
लाईव,laiv
लाएगी,laegi
लागातार,lagatar
लाता,lata
लाती,laati
लायेगा,layega
लालपुर,lalpur
लास्ट,last
लिंगभेद,lingbad
लिंडन,linden
लिखकर,likhkar
लिगर,ligar
लिबरेशन,libareshan
लिब्रेशन,libration
लीडरों,lederon
लुईस,luis
लुढ़कते,ludhkate
लुत्फ,lott
लुमडिंग,lumatigan
लूटमार,lootmar
लेंडल,lendal
लेगा,lega
लेटकर,latekar
लेनेवाली,lenewali
लेबल,lebal
लेबलिंग,lavbing
लेबलों,leblon
लेमन,lemana
लैंगडन,langadon
लैंगिकता,langikta
लैंसेट,lanset
लैरी,larry
लैस,lais
लॉकेट,locket
लॉन्ड्री,londre
लोंगोवाल,longuwal
लोग,log
लोगे,loge
लोचदार,lochadar
लोदी,lodi
लौरेंस,lourance
वंडर,wander
वंश,vansh
वंशधर,vansharh
वंशवाद,vanshvad
वजूद,wajood
वडाली,wadali
वनिता,vanita
वरेण्य,varenya
वर्ण,varna
वर्णित,vornit
वर्तमान,vartman
वर्द्धमान,vardhanthan
वर्बल,varbal
वर्शन,varshan
वर्साचे,varsaashe
वल्कन,valkan
वश,vash
वशीकरण,vashikaran
वांगचुक,vanghuk
वांट,vant
वाइज,vije
वाटर,water
वाटसन,watsan
वाण,vaan
वाणों,vanon
वातानुकूलन,vaatanukulan
वादक,vadak
वादियों,vadiyon
वायना,vayana
वायरलेस,vireles
वारियर्स,wariras
वाल्व,valv
वास्तविक,vastvik
वाहिकाएं,vahikayen
विंटर,vinter
विंसेंट,vinsent
विकल्पों,vikalpon
विकेट,vicket
विक्रमजीत,vikramjit
विचारकों,vicharkon
विज्ञान,vigyan
विज्ञानी,vigyani
विज्ञानों,vigyanon
विट्ठल,vitthal
विठ्ठल,vithaal
वितर्क,vitrak
विद्याएं,vidyayen
विद्याओं,vidyaon
विधानसभाएं,vidhasamshaen
विधिवत,vidhivat
विधुत,vidhut
विनष्ट,vinsht
विनीत,vinit
विपरीतता,viparitata
विप्रा,vipra
विप्रो,vipro
विभा,vibha
विभाजक,vibhas
विभ्रम,vibhram
विमर्श,vimarsh
विमर्शों,vimarshon
विराजती,virajati
विरेचन,virechan
विरोध,virodh
विरोधाभासी,virodhabhasi
विरोधाभासों,virodhabhas
विविध,vividh
विवेकहीन,vivekhin
विशेषण,visheshan
विशेषणों,visheshonon
विशेषाधिकार,visheshhik
विश्वसनीय,vishvasaniy
विश्वसनीयता,vishwasiniya
विषहीन,vishehin
विष्णु,vishnu
वीएलसी,vns
वीक्स,vex
वीरचंद,veerchand
वीरेश,veeresh
वृत्तों,vritton
वेंकटरमन,venchparmano
वेड,wed
वेडिंग,weding
वेदियों,vediyon
वेदों,vedon
वेनेजुएला,venejila
वेरोनिका,veronica
वेलवेट,velvet
वेल्डर,welder
वेल्डिंग,wolding
वेल्थ,velth
वेल्लूर,vellor
वेश,vesh
वेस्टिंग,wasting
वेस्टिंगहाउस,vestingah
वेस्ले,vesle
वैज्ञानिक,vaijyanik
वैज्ञानिकता,vaidyanitak
वैत्रवती,vatravati
वैमनस्य,vainanashy
वैरी,varry
वैशाख,vaishakh
वैशाखी,vaishachi
वैष्णोदेवी,vashnodeve
व्यक्तिगत,vyaktigat
व्यग्र,vyogra
व्यतीत,vytit
व्यभिचार,vyebhihar
व्यवधान,vyavdhan
व्यवहारगत,virvhad
व्याघात,vyaghat
व्यापक,vyapak
व्लाद,vlad
व्लादिमीर,valadimir
शंघाई,shanghi
शतपथ,shatphar
शनिवार,shanwar
शबाना,shabana
शब्दार्थ,shabdarth
शमादान,shmadan
शमिताभ,shamitabh
शमिल,shamil
शराबों,sharabon
शरारत,sharart
शर्माना,sharmana
शहरवासियों,shevarashiyon
शहादरा,shahadra
शांतिकाल,shantikal
शाओ,shao
शाकिर,shaakir
शाखाएं,shakhayen
शायक,shayak
शावकों,shavkon
शासक,shasak
शासकों,shaskon
शिप्रा,shipra
शिर्के,shirke
शीर्षकों,shirshkon
शुजात,shujat
शुटिंग,shutigan
शुड,shud
शुभंकर,shubhankar
शुमाली,shumali
शृंगार,shringar
शेलिंग,sheling
शैली,shaili
शैशव,sheshva
शॉन,shon
शोर्ट,short
श्योर,shroer
श्रंखला,shranshala
श्रंखलाओं,shranshalaon
श्रावणी,shravani
श्रीकर,shrikar
श्रीखंड,shrichand
श्रीमति,shrimati
श्रीराम,shriram
श्रोताओं,shrotaon
षट्,shat
संख्याएं,sankhayane
संघनित,sanghnit
संचयन,sanchhaan
संचार,sanchar
संचारी,sanchari
संचालनों,sanchalanon
संजय,sangay
संजीवन,sanjeevan
संतति,samatti
संदर्भ,sandarbh
संदर्भों,sandarbhon
संदली,sandali
संधान,sandhan
संप्रति,sanparti
संप्रभु,samanbaru
संप्रभुता,samparbhuta
संबित,sambit
संभालने,sambhalan
संभ्रांत,samshranat
संयुक्त,sanyukt
संयुक्ता,sanyukata
संयोगवश,sanyogabhav
संयोजन,sanyojan
संयोजनों,saneshanon
संवेदीकरण,samvedikaran
संशयों,sanshayon
संस्कार,sanskar
संस्कारी,sanskari
संस्कृत,sanskrit
संस्कृतियां,sanskritiyon
संस्कृतियों,sanskritiyon
संस्थित,sansthit
संस्थिता,sansthita
सकरा,sakra
सक्शन,sakshan
सच्चिदानंद,sachidhandan
सज्जा,sajja
सत,sat
सतपाल,satpal
सतलुज,sangul
सताने,satane
सते,sate
सत्ती,satti
सत्वत,satvat
सदानंद,sadanand
सपने,sapane
सपरिवार,saparivar
सपाट,sapat
सपाटे,sapate
सप्तक्रांति,saptakrantin
सप्तपदी,saptpadin
सप्तरी,saptri
सप्रमाण,sapraman
सबमिट,sambit
सबमिशन,sambishan
सभाएं,sabhayen
सभासदों,sabhasadon
सभ्यता,sabhyata
समझूंगा,samjhunaga
समन,saman
समन्वयक,samanvayak
समाधान,samadhan
समाधियों,samadhiyon
समालखा,samaalkha
समाहार,samahar
समितियां,samtiyan
समेटती,sametti
सरका,sarka
सरकारें,sarkarin
सरकारों,sarkaron
सरगना,sargana
सरगनाओं,sarganaon
सरगी,saragi
सरगुजा,sarguja
सरसा,sarsa
सरहिंद,sarhind
सराहा,saraha
सराही,saraahi
सलाहकार,salakhar
सलीब,salib
सलेक्ट,salect
सल्तनत,saltanat
सवाल,saval
सहकलाकार,sakhalakaar
सहदेव,sahdev
सहरावत,saharwat
सहूलियत,sahuliyat
सांकेतिक,saanktik
साइमंस,simnas
साइमा,sima
सागरिका,saagrika
सागा,saga
साजन,sajan
साजसज्जा,sajjasja
साजा,saja
साथसाथ,satshaath
साथिया,sathiya
साबाह,sabah
सामंजस्य,samanjasha
सामोआ,samoo
सायं,sian
सायरा,sayra
साल्वे,salve
साहब,sahab
सिंगापुर,singapur
सिंगार,singar
सिंघाड़े,singadaa
सिंघी,singi
सिंहा,sinha
सिएरा,seera
सिकुड़,sikud
सिगनल्स,sighansal
सिगरेटों,sigreton
सिद्धवट,siddhvat
सिनाबंग,sinaapang
सिनेप्स,sinips
सिपाह,sipaa
सिपाहियों,sipaahiyon
सिपाही,sipaahi
सिम,sim
सिमट,simat
सिमटता,simatta
सिमटे,simate
सिमी,simi
सिम्स,sims
सियासी,siyasi
सियाह,siya
सिरपुर,sirpur
सिवान,sivan
सिसवा,siswa
सीआईएल,cia
सीएसआई,csia
सीकर,sikar
सीटें,siten
सीताराम,sitaram
सीताहरण,sitarhan
सीपीएम,cpp
सीपीएस,cpp
सीबीएसई,cbp
सीम,sim
सील्ड,sild
सीसीडी,ccody
सुगमता,sugamata
सुजेन,sujen
सुजैन,sujen
सुझाती,sujhati
सुतली,sutali
सुता,suta
सुदीप,sudip
सुधारगृह,sudhargruh
सुनारों,sunaron
सुनासीर,sunasir
सुनीति,suniti
सुनेगा,sunega
सुपरहिट,suprit
सुपाच्य,supakhya
सुभाय,subhay
सुरवीन,survin
सुराणा,surana
सुलखान,sulkhan
सुलझाई,suljhai
सुलताना,sultana
सुलाती,sulati
सुसंस्कृत,sucansrikt
सुहागिन,suhagin
सूंड़,sund
सूइयां,suiyan
सूखती,sukhti
सूखाकर,sukhakar
सूचक,soochk
सूजा,suja
सूबा,suba
सूबे,sube
सूरज,surj
सूरीनाम,surinaam
सूर्यदेव,surydev
सेंधा,sendha
सेंवई,senvi
सेंसिंग,sensing
सेक्सुअल,secusur
सेटरडे,settere
सेटी,saty
सेटो,seto
सेथ,seth
सेफ्टी,sefty
सेमिन,semina
सेल्फ,self
सेल्फी,selfi
सेव,sev
सेवकों,sevkon
सैम्युल्स,samyuls
सैलरी,sailari
सॉकर,socker
सॉन्ग्स,songs
सॉलिसिटर,solictir
सोचने,sochne
सोनू,sanu
सोमा,soma
सोमी,somi
सोय,soy
सोया,soya
सोलिटेयर,solitere
सोहराई,sohri
सोहावल,sohaval
सौंपने,sonpane
स्काला,skala
स्की,skee
स्कूटरों,schutron
स्कैंडिनेविया,skanstiloni
स्कैनिंग,skaning
स्क्वाश,squas
स्क्वैश,sques
स्खलन,skhalan
स्टैन,stane
स्टॉप,stop
स्टॉप्स,stops
स्टोन,ston
स्ट्रास,stras
स्ट्रे,stree
स्ट्रोक्स,strox
स्तन,stan
स्तनधारी,standhari
स्तिथि,stithi
स्तुति,stuti
स्थितियां,sthitiyan
स्थितियों,sthitiyon
स्थूल,sthul
स्थूलता,sthulta
स्नीकर्स,snikras
स्पीयर,speer
स्पेल,spail
स्पेलर,spailer
स्प्रिट,spreet
स्प्रे,spree
स्फूर्ति,stufrit
स्लाइड,slide
स्लाइडर,slider
स्लाइडों,slidhen
स्लाइड्स,slides
स्लाइस,slile
स्लैश,slash
स्वरुपों,swarupon
स्वा,swaa
स्वाचालित,swachalit
स्वार्थपरक,swarthpakar
स्विफ्टलेट,swift
स्वीकारते,swikarate
स्वीट,sweet
स्वीप,swep
स्वेच्छा,sweccha
स्वेता,sweta
स्वैप,swap
हंडिया,handiya
हकीकत,hakikat
हथिया,hathiya
हमला,hamla
हमलावर,hamlavar
हमाल,hamaal
हरक्यूलिस,harkhyulis
हरदास,hardas
हरपाल,harpal
हरवंश,harvanshav
हरावल,haraval
हरिकेन,harikane
हरिजन,harijan
हरियाली,hariyali
हर्षित,harshit
हल्दी,haldi
हल्ला,halla
हवामहल,havmahal
हवालात,havalat
हसीनों,hasinon
हां,haan
हांफते,hanfate
हाइमन,himn
हाड़ौती,haaduti
हानी,hani
हारजीत,harjit
हारना,haarna
हालचाल,halchal
हाल्ट,halt
हाहाकार,hahakar
हिंगिस,hingis
हिंडन,hindan
हिजड़ा,hijda
हिजबुल,hijbul
हिप्पो,hipun
हिप्पोपोटेमस,hipupond
हिमाली,himali
हिलने,hilne
हिशाम,hisham
हीरागंज,heerganj
हीरोज,hiroj
हुईं,huin
हूपर,hupar
हेगडे,hegde
हेमवती,hemwati
हेल्प,help
हेल्पर,helpor
हैतो,haito
हैरम,harm
हैराल्ड,hairald
हैव,haiv
हॉन्ग,hong
हॉफ,hof
होऊंगा,hounja
होल्डिंग,holding
होशंगाबाद,hoshangabad
होस्टेस,hostes
